,Stock,Best case profits ratio,Worst case profits ratio,Best case losses ratio,Worst case losses ratio,Max. trade period in days,Min. trade period in days,Avg. trade period in days,Median trade period in days,Total exploration time
0,MMM,0.43139678615574784,0.43139678615574784,0.5673671199011124,0.5673671199011124,363,1,59.6946847960445,43.0,28.258901834487915
1,AOS,0.424,0.424,0.5733333333333334,0.5733333333333334,207,1,38.032,25.0,8.763109922409058
2,ABT,0.49676025917926564,0.49676025917926564,0.5010799136069114,0.5010799136069114,240,1,53.14038876889849,42.0,14.660083770751953
3,ABBV,0.4411764705882353,0.4411764705882353,0.5588235294117647,0.5588235294117647,169,3,43.549019607843135,34.5,2.7405636310577393
4,ABMD,0.4143646408839779,0.4143646408839779,0.585635359116022,0.585635359116022,90,1,16.116022099447513,10.0,2.0361082553863525
5,ACN,0.49224806201550386,0.49224806201550386,0.5038759689922481,0.5038759689922481,279,3,55.531007751937985,41.0,8.45060920715332
6,ATVI,0.4050632911392405,0.4050632911392405,0.5738396624472574,0.5738396624472574,169,1,29.852320675105485,18.0,4.331100225448608
7,ADM,0.4225352112676056,0.4225352112676056,0.5746478873239437,0.5746478873239437,174,1,37.2056338028169,29.0,8.04541015625
8,ADBE,0.46494464944649444,0.46494464944649444,0.5350553505535055,0.5350553505535055,156,1,29.232472324723247,21.0,5.1132097244262695
9,ADP,0.4547244094488189,0.4547244094488189,0.5413385826771654,0.5413385826771654,297,1,56.773622047244096,43.0,16.996317625045776
10,AAP,0.44019138755980863,0.44019138755980863,0.5598086124401914,0.5598086124401914,189,1,33.48803827751196,25.0,4.212978363037109
11,AES,0.36134453781512604,0.36134453781512604,0.6386554621848739,0.6386554621848739,213,1,29.99579831932773,19.0,4.461222410202026
12,AFL,0.40420560747663553,0.40420560747663553,0.5887850467289719,0.5887850467289719,370,1,54.54205607476636,33.0,13.787481784820557
13,A,0.44129554655870445,0.44129554655870445,0.5587044534412956,0.5587044534412956,167,1,33.34412955465587,26.0,4.9658331871032715
14,AIG,0.5916905444126075,0.5916905444126075,0.4068767908309456,0.4068767908309456,2626,1,569.8997134670487,72.0,223.09134006500244
15,APD,0.4596774193548387,0.4596774193548387,0.5362903225806451,0.5362903225806451,372,1,51.943548387096776,36.0,15.058042287826538
16,AKAM,0.34806629834254144,0.34806629834254144,0.6519337016574586,0.6519337016574586,143,1,23.027624309392266,16.0,2.666208505630493
17,ALK,0.35962145110410093,0.35962145110410093,0.637223974763407,0.637223974763407,153,1,23.274447949526813,17.0,4.702122688293457
18,ALB,0.4068441064638783,0.4068441064638783,0.5931558935361216,0.5931558935361216,156,1,30.9467680608365,23.0,4.992175579071045
19,ARE,0.538235294117647,0.538235294117647,0.45,0.45,253,1,63.90588235294118,47.0,12.425651550292969
20,ALGN,0.4305555555555556,0.4305555555555556,0.5694444444444444,0.5694444444444444,80,1,19.84722222222222,12.5,1.9062092304229736
21,ALLE,0.368,0.368,0.624,0.624,147,1,41.496,30.0,3.211007595062256
22,LNT,0.560081466395112,0.560081466395112,0.42973523421588594,0.42973523421588594,694,1,92.0264765784114,72.0,26.231127977371216
23,ALL,0.5370843989769821,0.5370843989769821,0.45524296675191817,0.45524296675191817,268,1,63.309462915601024,47.0,14.48561692237854
24,GOOGL,0.5043478260869565,0.5043478260869565,0.4956521739130435,0.4956521739130435,176,1,37.3304347826087,30.0,5.228729724884033
25,GOOG,0.4933920704845815,0.4933920704845815,0.5066079295154186,0.5066079295154186,180,1,35.54625550660793,30.0,4.905811071395874
26,MO,0.47338129496402875,0.47338129496402875,0.5237410071942447,0.5237410071942447,301,1,47.68489208633093,39.0,20.00846552848816
27,AMZN,0.5311004784688995,0.5311004784688995,0.4688995215311005,0.4688995215311005,165,1,30.416267942583733,23.0,3.8965799808502197
28,AMCR,0.4107142857142857,0.4107142857142857,0.5535714285714286,0.5535714285714286,864,3,144.82142857142858,57.5,4.62186598777771
29,AMD,0.37073170731707317,0.37073170731707317,0.6292682926829268,0.6292682926829268,64,1,11.317073170731707,8.0,1.8684866428375244
30,AEE,0.49584487534626037,0.49584487534626037,0.5013850415512465,0.5013850415512465,416,1,76.77562326869806,59.0,16.022563695907593
31,AAL,0.3431372549019608,0.3431372549019608,0.6568627450980392,0.6568627450980392,46,1,12.852941176470589,10.5,1.4637329578399658
32,AEP,0.5095729013254786,0.5095729013254786,0.4889543446244477,0.4889543446244477,466,1,80.97054491899853,59.0,32.241477727890015
33,AXP,0.38060781476121563,0.38060781476121563,0.61794500723589,0.61794500723589,340,1,53.154848046309695,32.0,21.812849044799805
34,AMT,0.5454545454545454,0.5416666666666666,0.45454545454545453,0.4583333333333333,188,1,50.18939393939394,35.5,7.800531387329102
35,AWK,0.6869158878504673,0.6869158878504673,0.308411214953271,0.308411214953271,347,1,76.53738317757009,66.5,9.247212409973145
36,AMP,0.43169398907103823,0.43169398907103823,0.5573770491803278,0.5573770491803278,127,1,34.80874316939891,28.0,4.066839694976807
37,ABC,0.4729241877256318,0.4729241877256318,0.5270758122743683,0.5270758122743683,239,1,39.53429602888087,29.0,6.7876598834991455
38,AME,0.4,0.4,0.5917808219178082,0.5917808219178082,286,1,47.95890410958904,33.0,10.574218273162842
39,AMGN,0.3802083333333333,0.3802083333333333,0.6197916666666666,0.6197916666666666,188,1,35.731770833333336,25.0,8.284538745880127
40,APH,0.46380697050938335,0.46380697050938335,0.5308310991957105,0.5308310991957105,197,1,45.45040214477212,33.0,10.338032960891724
41,ADI,0.3867924528301887,0.3867924528301887,0.6132075471698113,0.6132075471698113,191,1,29.628930817610062,18.0,6.176782608032227
42,ANSS,0.463302752293578,0.463302752293578,0.536697247706422,0.536697247706422,213,1,38.678899082568805,25.0,5.4448089599609375
43,ANTM,0.4525862068965517,0.4525862068965517,0.5387931034482759,0.5387931034482759,212,1,36.883620689655174,27.0,5.205198764801025
44,AON,0.5173160173160173,0.5173160173160173,0.48268398268398266,0.48268398268398266,276,3,54.27922077922078,38.5,14.884780168533325
45,APA,0.3746312684365782,0.3746312684365782,0.6253687315634219,0.6253687315634219,133,1,23.1976401179941,15.0,5.2466371059417725
46,AAPL,0.4375,0.4375,0.5625,0.5625,145,1,22.5,15.0,6.121261119842529
47,AMAT,0.3411371237458194,0.3411371237458194,0.6588628762541806,0.6588628762541806,97,1,20.32441471571906,15.0,3.920137882232666
48,APTV,0.48360655737704916,0.48360655737704916,0.5163934426229508,0.5163934426229508,209,1,43.467213114754095,30.0,3.1475589275360107
49,ANET,0.49295774647887325,0.49295774647887325,0.5070422535211268,0.5070422535211268,74,1,25.267605633802816,22.0,1.1890511512756348
50,AIZ,0.4027777777777778,0.4027777777777778,0.5925925925925926,0.5925925925925926,374,3,53.324074074074076,38.0,7.081653594970703
51,T,0.46886446886446886,0.46886446886446886,0.5293040293040293,0.5293040293040293,380,1,61.875457875457876,49.0,19.908114910125732
52,ATO,0.4660633484162896,0.4660633484162896,0.5294117647058824,0.5294117647058824,338,1,67.60859728506787,53.5,17.47405195236206
53,ADSK,0.41044776119402987,0.41044776119402987,0.5895522388059702,0.5895522388059702,121,1,18.417910447761194,13.0,3.2440009117126465
54,AZO,0.4938650306748466,0.4938650306748466,0.5061349693251533,0.5061349693251533,266,1,44.84049079754601,31.0,8.745502233505249
55,AVB,0.46296296296296297,0.46296296296296297,0.5308641975308642,0.5308641975308642,303,1,60.07098765432099,47.0,11.356489896774292
56,AVY,0.3961038961038961,0.3961038961038961,0.6017316017316018,0.6017316017316018,271,1,43.52813852813853,29.0,12.136027336120605
57,BKR,0.3269230769230769,0.3269230769230769,0.6692307692307692,0.6692307692307692,155,1,21.93846153846154,15.0,3.6854257583618164
58,BALL,0.36363636363636365,0.36363636363636365,0.6317016317016317,0.6317016317016317,261,1,49.75990675990676,32.0,12.975054264068604
59,BAC,0.4494949494949495,0.4494949494949495,0.547979797979798,0.547979797979798,430,1,45.82575757575758,29.0,10.858842849731445
60,BBWI,0.4161073825503356,0.4161073825503356,0.5838926174496645,0.5838926174496645,163,1,26.21812080536913,18.5,4.9445226192474365
61,BAX,0.47878787878787876,0.47878787878787876,0.5151515151515151,0.5151515151515151,387,1,51.5030303030303,41.0,15.270221710205078
62,BDX,0.48703703703703705,0.48703703703703705,0.5055555555555555,0.5055555555555555,411,1,64.38333333333334,46.0,20.469333171844482
63,WRB,0.4688888888888889,0.4688888888888889,0.5244444444444445,0.5244444444444445,358,1,60.49111111111111,42.5,16.13590693473816
64,BBY,0.35144927536231885,0.35144927536231885,0.6485507246376812,0.6485507246376812,88,1,17.583333333333332,14.0,3.2046315670013428
65,BIO,0.4281984334203655,0.4281984334203655,0.5718015665796344,0.5718015665796344,249,1,34.4177545691906,27.0,7.951721429824829
66,TECH,0.4493927125506073,0.4493927125506073,0.5506072874493927,0.5506072874493927,251,1,44.23886639676113,31.0,6.761553049087524
67,BIIB,0.40865384615384615,0.40865384615384615,0.5913461538461539,0.5913461538461539,154,1,26.509615384615383,17.0,3.4948432445526123
68,BLK,0.46402877697841727,0.46402877697841727,0.5287769784172662,0.5287769784172662,260,1,39.48201438848921,30.0,6.5917112827301025
69,BK,0.42077464788732394,0.42077464788732394,0.5774647887323944,0.5774647887323944,221,1,40.570422535211264,29.0,13.95789361000061
70,BA,0.423841059602649,0.423841059602649,0.5761589403973509,0.5761589403973509,260,1,33.23344370860927,23.0,12.343665599822998
71,BKNG,0.415,0.415,0.585,0.585,141,1,30.41,23.0,3.883009433746338
72,BWA,0.4186046511627907,0.4186046511627907,0.5813953488372093,0.5813953488372093,137,1,29.228682170542637,19.0,4.801369667053223
73,BXP,0.474025974025974,0.474025974025974,0.512987012987013,0.512987012987013,323,1,56.75,43.0,10.062108278274536
74,BSX,0.3466135458167331,0.3466135458167331,0.649402390438247,0.649402390438247,190,1,30.856573705179283,19.0,4.837653636932373
75,BMY,0.43613707165109034,0.43613707165109034,0.559190031152648,0.559190031152648,253,1,48.05140186915888,35.0,18.27200412750244
76,AVGO,0.525,0.525,0.475,0.475,143,1,29.183333333333334,20.5,2.1804513931274414
77,BR,0.49206349206349204,0.49206349206349204,0.5079365079365079,0.5079365079365079,224,1,49.82010582010582,46.0,5.485522031784058
78,BRO,0.47714285714285715,0.47714285714285715,0.5228571428571429,0.5228571428571429,484,1,68.15428571428572,46.5,14.241932153701782
79,CHRW,0.39416058394160586,0.39416058394160586,0.6021897810218978,0.6021897810218978,212,1,40.52919708029197,31.0,6.660757541656494
80,CDNS,0.4094488188976378,0.40551181102362205,0.5905511811023622,0.594488188976378,136,1,29.393700787401574,19.0,4.667693376541138
81,CZR,0.35294117647058826,0.35294117647058826,0.6470588235294118,0.6470588235294118,54,1,12.941176470588236,9.0,0.4220764636993408
82,CPT,0.5523255813953488,0.5523255813953488,0.44476744186046513,0.44476744186046513,348,1,69.6046511627907,56.0,14.000920057296753
83,CPB,0.46611909650924027,0.46611909650924027,0.5318275154004107,0.5318275154004107,500,1,58.84394250513347,36.0,17.172367095947266
84,COF,0.36917562724014336,0.36917562724014336,0.6308243727598566,0.6308243727598566,246,1,36.74551971326165,23.0,6.124879360198975
85,CAH,0.3937007874015748,0.3937007874015748,0.6036745406824147,0.6036745406824147,263,1,39.128608923884514,29.0,9.015627384185791
86,KMX,0.3681592039800995,0.3681592039800995,0.6318407960199005,0.6318407960199005,172,1,21.024875621890548,14.0,2.73518967628479
87,CCL,0.3976945244956772,0.3976945244956772,0.6023054755043228,0.6023054755043228,224,1,37.648414985590776,29.0,7.873282432556152
88,CARR,0.2857142857142857,0.2857142857142857,0.7142857142857143,0.7142857142857143,93,3,22.476190476190474,17.0,0.4676392078399658
89,CTLT,0.5522388059701493,0.5522388059701493,0.43283582089552236,0.43283582089552236,99,1,24.26865671641791,20.0,1.0834147930145264
90,CAT,0.4213406292749658,0.4213406292749658,0.5786593707250342,0.5786593707250342,199,1,37.17783857729138,28.0,16.565327882766724
91,CBOE,0.5694444444444444,0.5694444444444444,0.4236111111111111,0.4236111111111111,162,1,46.78472222222222,37.0,4.191909313201904
92,CBRE,0.42857142857142855,0.42857142857142855,0.5714285714285714,0.5714285714285714,167,1,32.006802721088434,24.0,2.9903318881988525
93,CDW,0.45714285714285713,0.45714285714285713,0.5333333333333333,0.5333333333333333,130,1,33.733333333333334,21.0,2.286167860031128
94,CE,0.3870967741935484,0.3870967741935484,0.6075268817204301,0.6075268817204301,147,1,31.306451612903224,24.0,3.5644781589508057
95,CNC,0.3741496598639456,0.3741496598639456,0.6258503401360545,0.6258503401360545,96,1,20.231292517006803,17.0,2.013047695159912
96,CNP,0.4992272024729521,0.49768160741885625,0.49613601236476046,0.49768160741885625,451,1,71.76970633693972,52.0,27.605432510375977
97,CDAY,0.375,0.375,0.625,0.625,29,1,9.75,5.5,0.26724743843078613
98,CERN,0.44528301886792454,0.44528301886792454,0.5169811320754717,0.5169811320754717,187,1,36.177358490566036,25.0,5.830584287643433
99,CF,0.427536231884058,0.427536231884058,0.572463768115942,0.572463768115942,148,1,24.0,14.5,2.465715169906616
100,CRL,0.44635193133047213,0.44635193133047213,0.5536480686695279,0.5536480686695279,154,1,34.8755364806867,28.0,4.869336843490601
101,SCHW,0.39338235294117646,0.39338235294117646,0.6066176470588235,0.6066176470588235,100,1,23.27573529411765,15.0,4.140790939331055
102,CHTR,0.417910447761194,0.417910447761194,0.582089552238806,0.582089552238806,177,1,30.79850746268657,25.5,2.624782085418701
103,CVX,0.4138418079096045,0.4138418079096045,0.5833333333333334,0.5833333333333334,396,3,52.220338983050844,37.0,21.954179763793945
104,CMG,0.34838709677419355,0.34838709677419355,0.6516129032258065,0.6516129032258065,160,1,27.232258064516127,22.0,2.8833022117614746
105,CB,0.4811320754716981,0.4811320754716981,0.5094339622641509,0.5094339622641509,262,1,61.87735849056604,45.5,12.042845010757446
106,CHD,0.4853273137697517,0.4853273137697517,0.510158013544018,0.510158013544018,338,1,56.66139954853273,45.0,14.872129678726196
107,CI,0.47641509433962265,0.47641509433962265,0.5212264150943396,0.5212264150943396,199,1,37.693396226415096,29.0,9.806573629379272
108,CINF,0.4792746113989637,0.4792746113989637,0.5155440414507773,0.5155440414507773,308,1,63.248704663212436,46.0,15.666452646255493
109,CTAS,0.49710982658959535,0.49710982658959535,0.5,0.5,207,1,47.42774566473989,36.5,10.212886333465576
110,CSCO,0.3790849673202614,0.3790849673202614,0.6209150326797386,0.6209150326797386,249,1,39.39869281045752,27.0,7.496300458908081
111,C,0.40370370370370373,0.40370370370370373,0.5944444444444444,0.5944444444444444,373,1,46.57222222222222,28.0,14.775880575180054
112,CFG,0.33707865168539325,0.33707865168539325,0.651685393258427,0.651685393258427,120,1,29.292134831460675,19.0,1.757375955581665
113,CTXS,0.3452914798206278,0.3452914798206278,0.6233183856502242,0.6233183856502242,161,1,31.43946188340807,23.0,4.601698398590088
114,CLX,0.5520446096654275,0.5520446096654275,0.44423791821561337,0.44423791821561337,304,1,72.7899628252788,51.0,23.255338430404663
115,CME,0.502127659574468,0.502127659574468,0.4978723404255319,0.4978723404255319,265,1,42.161702127659574,28.0,6.010265588760376
116,CMS,0.5562770562770563,0.5562770562770563,0.4393939393939394,0.4393939393939394,331,1,62.68614718614719,45.0,16.85021734237671
117,KO,0.4955456570155902,0.4955456570155902,0.5044543429844098,0.5044543429844098,548,1,77.92538975501114,55.0,41.37376856803894
118,CTSH,0.3705357142857143,0.3705357142857143,0.6205357142857143,0.6205357142857143,176,1,34.982142857142854,24.0,4.780742168426514
119,CL,0.434412265758092,0.434412265758092,0.5604770017035775,0.5604770017035775,386,1,71.98637137989779,53.0,24.802314043045044
120,CMCSA,0.43492063492063493,0.43492063492063493,0.5650793650793651,0.5650793650793651,213,1,40.48571428571429,30.0,8.03538727760315
121,CMA,0.3884514435695538,0.3884514435695538,0.6115485564304461,0.6115485564304461,240,1,40.20997375328084,25.0,9.303096055984497
122,CAG,0.4091858037578288,0.4091858037578288,0.5887265135699373,0.5887265135699373,297,1,53.83716075156576,41.0,15.336642742156982
123,COP,0.3971631205673759,0.3971631205673759,0.6004728132387707,0.6004728132387707,191,1,37.82033096926714,28.0,9.97055983543396
124,ED,0.5282485875706214,0.5282485875706214,0.4661016949152542,0.4661016949152542,823,1,92.85734463276836,67.0,39.47850251197815
125,STZ,0.44518272425249167,0.44518272425249167,0.5481727574750831,0.5481727574750831,210,1,41.51495016611295,30.0,7.77779746055603
126,CEG,0.0,0.0,1.0,1.0,3,3,3.0,3.0,0.1831188201904297
127,COO,0.4270557029177719,0.4270557029177719,0.5676392572944297,0.5676392572944297,188,1,28.96286472148541,20.0,6.953880071640015
128,CPRT,0.49583333333333335,0.49583333333333335,0.5041666666666667,0.5041666666666667,366,1,39.99166666666667,30.0,5.818023681640625
129,GLW,0.405152224824356,0.405152224824356,0.594847775175644,0.594847775175644,196,1,31.524590163934427,22.0,8.227845907211304
130,CTVA,0.2916666666666667,0.2916666666666667,0.7083333333333334,0.7083333333333334,63,3,18.083333333333332,11.5,0.5130267143249512
131,COST,0.4792243767313019,0.4792243767313019,0.5207756232686981,0.5207756232686981,317,1,52.19667590027701,39.0,11.007741689682007
132,CTRA,0.3360655737704918,0.3360655737704918,0.6598360655737705,0.6598360655737705,141,1,22.43032786885246,14.5,3.8180434703826904
133,CCI,0.416988416988417,0.416988416988417,0.583011583011583,0.583011583011583,308,1,47.826254826254825,34.0,7.309350967407227
134,CSX,0.3978260869565217,0.3978260869565217,0.6,0.6,224,1,42.10217391304348,32.0,11.486040353775024
135,CMI,0.38320209973753283,0.38320209973753283,0.6167979002624672,0.6167979002624672,164,1,33.16535433070866,23.0,7.748276710510254
136,CVS,0.43448275862068964,0.43448275862068964,0.5609195402298851,0.5609195402298851,277,1,46.20919540229885,34.0,11.991819620132446
137,DHI,0.4088669950738916,0.4088669950738916,0.5911330049261084,0.5911330049261084,124,1,19.88177339901478,14.0,2.67154598236084
138,DHR,0.504739336492891,0.504739336492891,0.4928909952606635,0.4928909952606635,325,1,65.47630331753554,43.0,16.14831304550171
139,DRI,0.4219858156028369,0.4219858156028369,0.574468085106383,0.574468085106383,193,1,35.88297872340426,25.0,6.239211320877075
140,DVA,0.42105263157894735,0.42105263157894735,0.5754385964912281,0.5754385964912281,262,1,43.19649122807017,27.0,7.267917633056641
141,DE,0.3989547038327526,0.3989547038327526,0.5975609756097561,0.5975609756097561,241,1,34.68815331010453,25.0,12.095917463302612
142,DAL,0.39166666666666666,0.39166666666666666,0.6083333333333333,0.6083333333333333,112,1,19.541666666666668,12.0,1.7427325248718262
143,XRAY,0.3881019830028329,0.3881019830028329,0.6005665722379604,0.6005665722379604,372,1,49.63456090651558,33.0,10.430283069610596
144,DVN,0.3946360153256705,0.39080459770114945,0.6053639846743295,0.6091954022988506,110,1,23.14176245210728,16.0,3.9764344692230225
145,DXCM,0.3925233644859813,0.3925233644859813,0.6074766355140186,0.6074766355140186,55,1,15.009345794392523,12.0,1.3508765697479248
146,FANG,0.38571428571428573,0.38571428571428573,0.6142857142857143,0.6142857142857143,56,1,13.885714285714286,11.0,0.7318525314331055
147,DLR,0.5076923076923077,0.5076923076923077,0.48717948717948717,0.48717948717948717,157,1,41.271794871794874,33.0,4.8753581047058105
148,DFS,0.41358024691358025,0.41358024691358025,0.5864197530864198,0.5864197530864198,206,1,40.01851851851852,27.0,4.235870838165283
149,DISH,0.39035087719298245,0.38596491228070173,0.6096491228070176,0.6140350877192983,110,1,24.05263157894737,17.0,3.467752695083618
150,DIS,0.42097488921713444,0.42097488921713444,0.5775480059084195,0.5775480059084195,218,1,38.82865583456425,28.0,15.799038648605347
151,DG,0.3353658536585366,0.3353658536585366,0.6646341463414634,0.6646341463414634,192,1,42.670731707317074,31.0,4.24090838432312
152,DLTR,0.4302788844621514,0.4302788844621514,0.5697211155378487,0.5697211155378487,194,1,32.713147410358566,25.0,4.987362623214722
153,D,0.5612431444241316,0.5612431444241316,0.43327239488117003,0.43327239488117003,408,1,87.54113345521024,72.0,27.490955352783203
154,DPZ,0.5814977973568282,0.5814977973568282,0.4185022026431718,0.4185022026431718,156,1,39.458149779735685,29.0,5.263620138168335
155,DOV,0.45785876993166286,0.45785876993166286,0.5375854214123007,0.5375854214123007,302,1,46.48519362186788,32.0,12.373465061187744
156,DOW,0.3103448275862069,0.3103448275862069,0.5862068965517241,0.5862068965517241,70,3,17.586206896551722,12.0,0.49199390411376953
157,DTE,0.5792880258899676,0.5792880258899676,0.41585760517799353,0.41585760517799353,459,3,83.56148867313915,64.0,30.317248344421387
158,DUK,0.6172638436482085,0.6172638436482085,0.38273615635179153,0.38273615635179153,363,1,84.44625407166124,68.0,29.74599838256836
159,DRE,0.43956043956043955,0.43956043956043955,0.554945054945055,0.554945054945055,238,1,53.66208791208791,37.0,11.488908052444458
160,DD,0.41186161449752884,0.41186161449752884,0.5831960461285008,0.5831960461285008,256,1,41.18945634266886,30.0,14.969294786453247
161,DXC,0.4146868250539957,0.4146868250539957,0.5853131749460043,0.5853131749460043,292,1,35.40388768898488,25.0,9.842963933944702
162,EMN,0.42196531791907516,0.42196531791907516,0.5751445086705202,0.5751445086705202,296,1,43.60693641618497,29.5,8.940890312194824
163,ETN,0.3985890652557319,0.3985890652557319,0.5943562610229277,0.5943562610229277,211,1,41.44620811287478,30.0,14.191365718841553
164,EBAY,0.37373737373737376,0.37373737373737376,0.6262626262626263,0.6262626262626263,129,1,31.818181818181817,21.0,4.04662823677063
165,ECL,0.4735632183908046,0.4735632183908046,0.5241379310344828,0.5241379310344828,314,1,66.40689655172413,48.0,17.267892122268677
166,EIX,0.4869402985074627,0.4869402985074627,0.5074626865671642,0.5074626865671642,278,1,65.76119402985074,52.0,21.474806308746338
167,EW,0.39285714285714285,0.39285714285714285,0.6031746031746031,0.6031746031746031,257,1,41.15873015873016,30.0,6.0834479331970215
168,EA,0.4220532319391635,0.4220532319391635,0.5741444866920152,0.5741444866920152,133,1,22.5893536121673,15.0,3.982513666152954
169,EMR,0.4,0.4,0.5984962406015037,0.5984962406015037,379,1,58.981954887218045,41.0,23.08565926551819
170,ENPH,0.35135135135135137,0.35135135135135137,0.6486486486486487,0.6486486486486487,33,1,6.4324324324324325,5.0,0.4294157028198242
171,ETR,0.4804270462633452,0.4804270462633452,0.5142348754448398,0.5142348754448398,426,1,66.38612099644128,51.5,21.99634075164795
172,EOG,0.3868312757201646,0.3868312757201646,0.6131687242798354,0.6131687242798354,183,1,25.506172839506174,17.0,4.063232183456421
173,EPAM,0.4519230769230769,0.4519230769230769,0.5384615384615384,0.5384615384615384,119,1,21.615384615384617,16.0,1.4452059268951416
174,EFX,0.49411764705882355,0.49411764705882355,0.5058823529411764,0.5058823529411764,229,1,47.26117647058823,36.0,12.072985649108887
175,EQIX,0.44502617801047123,0.4397905759162304,0.5497382198952879,0.5549738219895288,164,1,30.528795811518325,23.0,3.638542413711548
176,EQR,0.47368421052631576,0.47368421052631576,0.5170278637770898,0.5170278637770898,228,1,57.26934984520124,42.0,10.80899715423584
177,ESS,0.4604105571847507,0.4604105571847507,0.5366568914956011,0.5366568914956011,302,3,54.178885630498534,41.0,10.766865730285645
178,EL,0.42517006802721086,0.42517006802721086,0.5714285714285714,0.5714285714285714,268,1,41.53061224489796,35.0,7.2657976150512695
179,ETSY,0.41025641025641024,0.41025641025641024,0.5897435897435898,0.5897435897435898,52,1,12.897435897435898,10.0,0.6947553157806396
180,RE,0.423728813559322,0.423728813559322,0.5728813559322034,0.5728813559322034,365,1,55.101694915254235,39.0,9.541179656982422
181,EVRG,0.5077605321507761,0.5077605321507761,0.48337028824833705,0.48337028824833705,418,1,74.11973392461198,60.0,19.56630825996399
182,ES,0.45657015590200445,0.45657015590200445,0.5367483296213809,0.5367483296213809,387,1,65.14699331848553,46.0,17.213883638381958
183,EXC,0.49776785714285715,0.49776785714285715,0.4955357142857143,0.4955357142857143,347,1,62.529017857142854,47.0,16.71156406402588
184,EXPE,0.4573170731707317,0.45121951219512196,0.5426829268292683,0.5487804878048781,129,1,22.26829268292683,15.0,2.439845561981201
185,EXPD,0.4232209737827715,0.4232209737827715,0.5767790262172284,0.5767790262172284,227,1,42.01123595505618,26.0,6.770279169082642
186,EXR,0.5842105263157895,0.5789473684210527,0.4052631578947368,0.4105263157894737,186,1,42.742105263157896,32.0,4.849315643310547
187,XOM,0.41274238227146814,0.41274238227146814,0.5844875346260388,0.5844875346260388,479,1,76.88781163434903,56.0,32.77238440513611
188,FFIV,0.40641711229946526,0.40106951871657753,0.5935828877005348,0.5989304812834224,109,1,22.705882352941178,15.0,3.0886924266815186
189,FDS,0.45787545787545786,0.45787545787545786,0.5384615384615384,0.5384615384615384,168,1,32.28937728937729,23.0,5.348407983779907
190,FAST,0.3785488958990536,0.3785488958990536,0.61198738170347,0.61198738170347,172,1,29.750788643533124,22.0,5.854823112487793
191,FRT,0.5195071868583162,0.5195071868583162,0.4804928131416838,0.4804928131416838,463,1,69.70841889117042,50.0,19.94102716445923
192,FDX,0.39823008849557523,0.39823008849557523,0.5973451327433629,0.5973451327433629,273,1,33.232300884955755,21.5,9.160063743591309
193,FITB,0.3398876404494382,0.3398876404494382,0.6573033707865169,0.6573033707865169,293,1,40.8876404494382,26.0,8.717462062835693
194,FRC,0.38311688311688313,0.38311688311688313,0.6168831168831169,0.6168831168831169,163,4,42.701298701298704,33.0,4.047313928604126
195,FE,0.43260188087774293,0.43260188087774293,0.5611285266457681,0.5611285266457681,243,1,55.61755485893417,44.0,10.499476909637451
196,FIS,0.5275862068965518,0.5275862068965518,0.4724137931034483,0.4724137931034483,237,1,57.172413793103445,39.5,9.67269253730774
197,FISV,0.4548611111111111,0.4548611111111111,0.5451388888888888,0.5451388888888888,264,1,54.69097222222222,40.5,9.222364664077759
198,FLT,0.4305555555555556,0.4305555555555556,0.5694444444444444,0.5694444444444444,126,1,30.618055555555557,23.5,2.734783172607422
199,FMC,0.4129353233830846,0.4129353233830846,0.5870646766169154,0.5870646766169154,348,1,35.55721393034826,26.0,8.97455883026123
200,F,0.3883677298311445,0.3883677298311445,0.6116322701688556,0.6116322701688556,524,1,40.21763602251407,25.0,13.308505058288574
201,FTNT,0.45054945054945056,0.45054945054945056,0.5494505494505495,0.5494505494505495,89,1,24.78021978021978,17.0,1.7886250019073486
202,FTV,0.4605263157894737,0.4605263157894737,0.5263157894736842,0.5263157894736842,188,5,57.75,56.0,2.6112918853759766
203,FBHS,0.5294117647058824,0.5294117647058824,0.47058823529411764,0.47058823529411764,210,3,43.016806722689076,32.0,3.046827793121338
204,FOXA,0.5142857142857142,0.5142857142857142,0.4857142857142857,0.4857142857142857,93,1,27.742857142857144,19.0,0.6821370124816895
205,FOX,0.2903225806451613,0.2903225806451613,0.7096774193548387,0.7096774193548387,92,1,26.806451612903224,23.0,0.6459839344024658
206,BEN,0.45294117647058824,0.45294117647058824,0.5470588235294118,0.5470588235294118,167,1,36.21764705882353,24.5,7.592881202697754
207,FCX,0.39545454545454545,0.39545454545454545,0.6045454545454545,0.6045454545454545,134,1,19.51818181818182,14.5,3.0710673332214355
208,AJG,0.5010940919037199,0.5010940919037199,0.49671772428884026,0.49671772428884026,358,1,64.70021881838075,46.0,17.070903062820435
209,GRMN,0.47058823529411764,0.47058823529411764,0.5294117647058824,0.5294117647058824,198,1,36.61274509803921,23.5,4.710019588470459
210,IT,0.5018867924528302,0.5018867924528302,0.4981132075471698,0.4981132075471698,232,1,34.698113207547166,24.0,5.653098821640015
211,GE,0.37317073170731707,0.37317073170731707,0.6268292682926829,0.6268292682926829,493,1,52.73780487804878,36.0,25.614272117614746
212,GNRC,0.3076923076923077,0.3076923076923077,0.6923076923076923,0.6923076923076923,82,1,21.582417582417584,15.0,1.540959358215332
213,GD,0.4143356643356643,0.4143356643356643,0.5856643356643356,0.5856643356643356,247,1,53.11013986013986,35.5,18.16791343688965
214,GIS,0.4644628099173554,0.4644628099173554,0.5239669421487604,0.5239669421487604,435,3,77.59504132231405,53.0,27.039698123931885
215,GPC,0.4329268292682927,0.4329268292682927,0.5650406504065041,0.5650406504065041,427,1,66.17682926829268,43.5,19.154642581939697
216,GILD,0.36971830985915494,0.36971830985915494,0.6197183098591549,0.6197183098591549,245,1,32.598591549295776,21.0,5.751888751983643
217,GL,0.5098901098901099,0.5098901098901099,0.4879120879120879,0.4879120879120879,405,1,79.00659340659341,57.0,20.6984965801239
218,GPN,0.452755905511811,0.452755905511811,0.547244094488189,0.547244094488189,175,1,37.61417322834646,25.0,5.872579336166382
219,GM,0.2898550724637681,0.2898550724637681,0.7101449275362319,0.7101449275362319,137,3,27.934782608695652,20.0,2.4460370540618896
220,GS,0.359375,0.359375,0.640625,0.640625,143,1,35.32421875,24.0,5.381263732910156
221,GWW,0.45617977528089887,0.45617977528089887,0.5438202247191011,0.5438202247191011,216,1,42.635955056179775,31.0,11.57004189491272
222,HAL,0.3795918367346939,0.3795918367346939,0.6183673469387755,0.6183673469387755,149,1,25.916326530612245,17.0,8.006373643875122
223,HIG,0.4261744966442953,0.4261744966442953,0.5704697986577181,0.5704697986577181,218,1,44.33892617449664,29.0,7.688808917999268
224,HAS,0.40992167101827676,0.40992167101827676,0.5900783289817232,0.5900783289817232,216,1,37.146214099216714,27.0,8.844714879989624
225,HCA,0.36792452830188677,0.36792452830188677,0.6320754716981132,0.6320754716981132,122,1,32.33018867924528,26.0,2.4298598766326904
226,PEAK,0.458128078817734,0.458128078817734,0.5344827586206896,0.5344827586206896,304,1,59.62807881773399,42.5,14.228888750076294
227,HSIC,0.41365461847389556,0.41365461847389556,0.570281124497992,0.570281124497992,348,1,61.75502008032129,41.0,9.100675821304321
228,HSY,0.5321969696969697,0.5321969696969697,0.4583333333333333,0.4583333333333333,319,1,64.23106060606061,51.0,19.936744451522827
229,HES,0.3460559796437659,0.3460559796437659,0.6539440203562341,0.6539440203562341,183,1,27.34351145038168,18.0,6.6834399700164795
230,HPE,0.26785714285714285,0.26785714285714285,0.7142857142857143,0.7142857142857143,111,1,24.375,16.5,0.9848840236663818
231,HLT,0.5204081632653061,0.5204081632653061,0.47959183673469385,0.47959183673469385,213,5,42.09183673469388,33.5,2.523648738861084
232,HOLX,0.38425925925925924,0.38425925925925924,0.6064814814814815,0.6064814814814815,139,1,30.76388888888889,22.0,4.051260471343994
233,HD,0.46604215456674475,0.46604215456674475,0.5339578454332553,0.5339578454332553,246,1,40.79391100702576,32.0,10.628666639328003
234,HON,0.38870431893687707,0.38870431893687707,0.6096345514950167,0.6096345514950167,317,1,45.395348837209305,30.0,16.517924547195435
235,HRL,0.4746987951807229,0.4746987951807229,0.5253012048192771,0.5253012048192771,363,1,69.87469879518072,45.0,17.18111491203308
236,HST,0.37158469945355194,0.37158469945355194,0.6256830601092896,0.6256830601092896,251,1,37.614754098360656,25.0,8.579414129257202
237,HWM,0.40425531914893614,0.40425531914893614,0.5957446808510638,0.5957446808510638,74,1,22.382978723404257,17.0,0.9389657974243164
238,HPQ,0.4014084507042254,0.4014084507042254,0.5985915492957746,0.5985915492957746,168,1,29.816901408450704,21.0,10.523266077041626
239,HUM,0.414985590778098,0.414985590778098,0.5821325648414986,0.5821325648414986,118,1,27.85014409221902,21.0,6.128649711608887
240,HII,0.5202702702702703,0.5202702702702703,0.46621621621621623,0.46621621621621623,115,1,34.0472972972973,30.0,3.2325026988983154
241,HBAN,0.36585365853658536,0.36585365853658536,0.6306620209059234,0.6306620209059234,352,1,56.292682926829265,35.0,10.214896440505981
242,IEX,0.4649350649350649,0.4649350649350649,0.5298701298701298,0.5298701298701298,299,1,47.25714285714286,34.0,10.951663494110107
243,IDXX,0.4892703862660944,0.4892703862660944,0.5107296137339056,0.5107296137339056,151,1,31.69098712446352,25.0,4.54909086227417
244,ITW,0.4400921658986175,0.4400921658986175,0.5506912442396313,0.5506912442396313,254,1,50.354838709677416,38.0,13.275859355926514
245,ILMN,0.5413533834586466,0.5413533834586466,0.45864661654135336,0.45864661654135336,87,1,20.50375939849624,15.0,2.1289219856262207
246,INCY,0.32608695652173914,0.3188405797101449,0.6666666666666666,0.6739130434782609,74,1,12.53623188405797,8.0,1.3380534648895264
247,IR,0.4727272727272727,0.4727272727272727,0.5272727272727272,0.5272727272727272,86,1,21.054545454545455,15.0,0.995811939239502
248,INTC,0.3915094339622642,0.3915094339622642,0.6084905660377359,0.6084905660377359,407,1,31.596698113207548,20.0,8.661389350891113
249,ICE,0.532967032967033,0.532967032967033,0.46153846153846156,0.46153846153846156,233,3,57.16483516483517,36.0,6.342800140380859
250,IBM,0.3787709497206704,0.3787709497206704,0.6212290502793296,0.6212290502793296,521,1,55.254748603351956,40.0,29.147343158721924
251,IP,0.3356401384083045,0.3356401384083045,0.6557093425605537,0.6557093425605537,302,1,35.30795847750865,22.0,12.651382446289062
252,IPG,0.3841642228739003,0.3841642228739003,0.6158357771260997,0.6158357771260997,218,1,39.75659824046921,26.0,8.929393291473389
253,IFF,0.46966731898238745,0.46966731898238745,0.5283757338551859,0.5283757338551859,274,1,52.596868884540115,37.0,17.188252925872803
254,INTU,0.4570446735395189,0.4570446735395189,0.5429553264604811,0.5429553264604811,210,1,39.51546391752577,23.0,7.774355888366699
255,ISRG,0.5103092783505154,0.5103092783505154,0.4845360824742268,0.4845360824742268,106,1,29.25257731958763,22.0,3.7478909492492676
256,IVZ,0.3651877133105802,0.3651877133105802,0.6348122866894198,0.6348122866894198,107,1,23.89419795221843,18.0,4.957829713821411
257,IPGP,0.38345864661654133,0.38345864661654133,0.6165413533834586,0.6165413533834586,109,1,21.50375939849624,15.0,2.1147208213806152
258,IQV,0.45454545454545453,0.45454545454545453,0.5454545454545454,0.5454545454545454,206,3,42.50909090909091,31.5,3.007455348968506
259,IRM,0.3717105263157895,0.3717105263157895,0.6217105263157895,0.6217105263157895,288,1,37.94407894736842,28.5,7.243875741958618
260,JBHT,0.4109090909090909,0.4109090909090909,0.5854545454545454,0.5854545454545454,213,1,32.803636363636365,22.0,5.831020355224609
261,JKHY,0.5242718446601942,0.5242718446601942,0.46601941747572817,0.46601941747572817,270,1,50.65695792880259,38.0,9.44488263130188
262,J,0.4127906976744186,0.4127906976744186,0.5872093023255814,0.5872093023255814,123,1,29.962209302325583,24.0,6.429225206375122
263,JNJ,0.425997425997426,0.425997425997426,0.5688545688545689,0.5688545688545689,608,1,71.96396396396396,55.0,32.70876502990723
264,JCI,0.4417989417989418,0.4417989417989418,0.5555555555555556,0.5555555555555556,269,1,40.82275132275132,27.5,9.320448637008667
265,JPM,0.43171806167400884,0.43171806167400884,0.566079295154185,0.566079295154185,272,1,42.91189427312775,30.0,11.63634705543518
266,JNPR,0.30985915492957744,0.30985915492957744,0.6854460093896714,0.6854460093896714,224,1,26.845070422535212,17.0,3.543117046356201
267,K,0.4657039711191336,0.4657039711191336,0.5324909747292419,0.5324909747292419,530,3,79.44945848375451,52.0,25.419123888015747
268,KEY,0.39226519337016574,0.39226519337016574,0.6077348066298343,0.6077348066298343,327,1,50.533149171270715,30.0,10.754984378814697
269,KEYS,0.3924050632911392,0.3924050632911392,0.5949367088607594,0.5949367088607594,163,1,30.21518987341772,20.0,1.540156364440918
270,KMB,0.4627659574468085,0.4627659574468085,0.5336879432624113,0.5336879432624113,554,1,71.20567375886525,50.0,23.554847240447998
271,KIM,0.47757255936675463,0.47757255936675463,0.5145118733509235,0.5145118733509235,317,1,61.79947229551451,45.0,13.789557695388794
272,KMI,0.3548387096774194,0.3548387096774194,0.6387096774193548,0.6387096774193548,285,1,48.55483870967742,28.0,4.443822383880615
273,KLAC,0.3975409836065574,0.3975409836065574,0.6024590163934426,0.6024590163934426,153,1,26.67622950819672,17.0,4.122118234634399
274,KHC,0.28125,0.28125,0.7083333333333334,0.7083333333333334,247,3,42.614583333333336,25.0,2.4604220390319824
275,KR,0.4611872146118721,0.4611872146118721,0.5319634703196348,0.5319634703196348,196,1,39.67351598173516,30.5,10.687441349029541
276,LHX,0.43946188340807174,0.43946188340807174,0.5605381165919282,0.5605381165919282,196,1,37.31614349775785,28.0,10.35476279258728
277,LH,0.4632768361581921,0.4632768361581921,0.5310734463276836,0.5310734463276836,240,1,51.940677966101696,37.0,10.982919216156006
278,LRCX,0.42152466367713004,0.42152466367713004,0.57847533632287,0.57847533632287,119,1,19.506726457399104,13.0,2.9698126316070557
279,LW,0.5285714285714286,0.5285714285714286,0.44285714285714284,0.44285714285714284,113,1,31.614285714285714,28.5,1.556962251663208
280,LVS,0.4161073825503356,0.4161073825503356,0.5838926174496645,0.5838926174496645,91,1,21.093959731543624,16.0,2.103067636489868
281,LDOS,0.3693181818181818,0.3693181818181818,0.625,0.625,227,1,40.47159090909091,27.0,4.44415807723999
282,LEN,0.3807829181494662,0.3807829181494662,0.6192170818505338,0.6192170818505338,177,1,26.427046263345197,18.0,4.82683539390564
283,LLY,0.42257597684515197,0.42257597684515197,0.5745296671490593,0.5745296671490593,280,1,44.65846599131693,30.0,19.166810512542725
284,LNC,0.44660194174757284,0.44660194174757284,0.5461165048543689,0.5461165048543689,177,1,40.012135922330096,26.5,10.138450622558594
285,LIN,0.4772117962466488,0.4772117962466488,0.5201072386058981,0.5201072386058981,324,1,68.85790884718499,47.0,14.780145645141602
286,LYV,0.5126050420168067,0.5126050420168067,0.48739495798319327,0.48739495798319327,190,1,29.974789915966387,21.0,2.211265802383423
287,LKQ,0.4050632911392405,0.4050632911392405,0.5949367088607594,0.5949367088607594,117,1,32.81645569620253,26.0,3.1566901206970215
288,LMT,0.48,0.48,0.5163636363636364,0.5163636363636364,298,1,48.14181818181818,35.0,16.094346284866333
289,L,0.507399577167019,0.507399577167019,0.4904862579281184,0.4904862579281184,393,1,79.26215644820296,55.0,21.60822343826294
290,LOW,0.3839779005524862,0.3839779005524862,0.6160220994475138,0.6160220994475138,228,1,31.41988950276243,22.0,7.311884880065918
291,LUMN,0.38765432098765434,0.38765432098765434,0.6098765432098765,0.6098765432098765,219,1,39.70617283950617,27.0,9.899947166442871
292,LYB,0.4396551724137931,0.4396551724137931,0.5344827586206896,0.5344827586206896,116,1,29.53448275862069,22.0,2.2753491401672363
293,MTB,0.5203836930455635,0.5203836930455635,0.47721822541966424,0.47721822541966424,372,1,80.11270983213429,53.0,19.36426281929016
294,MRO,0.3755186721991701,0.3755186721991701,0.6224066390041494,0.6224066390041494,183,1,31.946058091286307,22.0,9.588828563690186
295,MPC,0.40229885057471265,0.40229885057471265,0.5977011494252874,0.5977011494252874,106,3,23.942528735632184,18.0,1.4774508476257324
296,MKTX,0.45394736842105265,0.45394736842105265,0.5328947368421053,0.5328947368421053,127,1,22.388157894736842,17.0,2.3489601612091064
297,MAR,0.44,0.44,0.56,0.56,172,1,39.09818181818182,30.0,6.560217380523682
298,MMC,0.5108695652173914,0.5108695652173914,0.4891304347826087,0.4891304347826087,416,1,72.37608695652175,51.5,21.034462928771973
299,MLM,0.4448669201520912,0.4448669201520912,0.5551330798479087,0.5551330798479087,191,1,31.802281368821294,25.0,5.068049192428589
300,MAS,0.3984375,0.3984375,0.5963541666666666,0.5963541666666666,197,1,35.828125,23.0,8.837371110916138
301,MA,0.5343915343915344,0.5343915343915344,0.4656084656084656,0.4656084656084656,142,1,38.65608465608466,30.0,4.514869928359985
302,MTCH,0.41414141414141414,0.41414141414141414,0.5858585858585859,0.5858585858585859,101,1,21.30808080808081,14.0,3.0563080310821533
303,MKC,0.4818181818181818,0.4818181818181818,0.5159090909090909,0.5159090909090909,306,1,65.52272727272727,51.5,17.22977638244629
304,MCD,0.47597597597597596,0.47597597597597596,0.5180180180180181,0.5180180180180181,725,1,62.171171171171174,43.0,25.156585216522217
305,MCK,0.45481927710843373,0.45481927710843373,0.5391566265060241,0.5391566265060241,219,1,40.225903614457835,32.0,8.080163717269897
306,MDT,0.44214876033057854,0.44214876033057854,0.5578512396694215,0.5578512396694215,272,1,49.20661157024794,37.0,14.312514066696167
307,MRK,0.44596443228454175,0.44596443228454175,0.5512995896032832,0.5512995896032832,286,1,53.94938440492476,39.0,23.3517165184021
308,FB,0.504424778761062,0.504424778761062,0.49557522123893805,0.49557522123893805,135,1,34.86725663716814,29.0,2.3896872997283936
309,MET,0.38636363636363635,0.38636363636363635,0.5984848484848485,0.5984848484848485,279,1,44.321969696969695,33.0,6.916973114013672
310,MTD,0.5177304964539007,0.5177304964539007,0.475177304964539,0.475177304964539,193,1,42.787234042553195,31.0,7.146071910858154
311,MGM,0.37722419928825623,0.37722419928825623,0.6227758007117438,0.6227758007117438,115,1,20.181494661921707,14.0,3.86079478263855
312,MCHP,0.4496124031007752,0.4496124031007752,0.5503875968992248,0.5503875968992248,220,1,28.635658914728683,17.5,4.800487041473389
313,MU,0.35436893203883496,0.35436893203883496,0.6456310679611651,0.6456310679611651,81,1,12.466019417475728,8.0,2.130143880844116
314,MSFT,0.4844559585492228,0.4844559585492228,0.5129533678756477,0.5129533678756477,296,1,41.72020725388601,31.0,9.557602882385254
315,MAA,0.4738292011019284,0.4738292011019284,0.5151515151515151,0.5151515151515151,375,3,71.97796143250689,52.0,14.906620502471924
316,MRNA,0.5384615384615384,0.5384615384615384,0.46153846153846156,0.46153846153846156,7,1,3.4615384615384617,3.0,0.2780447006225586
317,MHK,0.42857142857142855,0.42857142857142855,0.5672268907563025,0.5672268907563025,147,1,28.00420168067227,16.0,4.390854835510254
318,MOH,0.36551724137931035,0.36551724137931035,0.6344827586206897,0.6344827586206897,93,1,19.56551724137931,14.0,2.1851603984832764
319,TAP,0.391304347826087,0.391304347826087,0.6010230179028133,0.6010230179028133,213,1,36.41943734015345,24.0,8.829689741134644
320,MDLZ,0.46905537459283386,0.46905537459283386,0.5244299674267101,0.5244299674267101,276,1,69.48534201954398,54.0,12.079254865646362
321,MPWR,0.45384615384615384,0.45384615384615384,0.5461538461538461,0.5461538461538461,103,1,22.276923076923076,15.5,2.1467173099517822
322,MNST,0.4460093896713615,0.4460093896713615,0.5492957746478874,0.5492957746478874,198,1,28.699530516431924,22.0,3.822073221206665
323,MCO,0.49454545454545457,0.49454545454545457,0.49818181818181817,0.49818181818181817,201,1,43.61454545454546,33.0,7.362804174423218
324,MS,0.43006993006993005,0.43006993006993005,0.5629370629370629,0.5629370629370629,155,1,32.54195804195804,22.0,5.826793909072876
325,MOS,0.3464285714285714,0.3464285714285714,0.6535714285714286,0.6535714285714286,218,1,24.275,16.0,4.483211040496826
326,MSI,0.436399217221135,0.436399217221135,0.5636007827788649,0.5636007827788649,345,1,36.09197651663405,22.0,11.737367868423462
327,MSCI,0.48507462686567165,0.48507462686567165,0.5149253731343284,0.5149253731343284,146,1,36.76865671641791,28.0,2.9878556728363037
328,NDAQ,0.5570776255707762,0.5570776255707762,0.4429223744292237,0.4429223744292237,242,1,43.305936073059364,29.0,5.977283716201782
329,NTAP,0.37745098039215685,0.37745098039215685,0.6225490196078431,0.6225490196078431,95,1,21.25980392156863,14.5,2.889467239379883
330,NFLX,0.4108527131782946,0.4108527131782946,0.5891472868217055,0.5891472868217055,68,1,16.248062015503876,11.0,1.4662573337554932
331,NWL,0.3771289537712895,0.3771289537712895,0.6204379562043796,0.6204379562043796,276,1,35.070559610705594,25.0,8.687783479690552
332,NEM,0.37027027027027026,0.37027027027027026,0.6270270270270271,0.6270270270270271,156,1,25.97027027027027,18.0,6.145623445510864
333,NWSA,0.29357798165137616,0.29357798165137616,0.7064220183486238,0.7064220183486238,234,1,37.00917431192661,25.0,2.7570254802703857
334,NWS,0.29464285714285715,0.29464285714285715,0.7053571428571429,0.7053571428571429,239,3,42.11607142857143,29.0,2.8924179077148438
335,NEE,0.5663265306122449,0.5663265306122449,0.4268707482993197,0.4268707482993197,354,1,83.59863945578232,68.0,29.959779262542725
336,NLSN,0.2746478873239437,0.2746478873239437,0.7112676056338029,0.7112676056338029,301,3,49.267605633802816,33.5,4.184651851654053
337,NKE,0.4302059496567506,0.4302059496567506,0.5675057208237986,0.5675057208237986,167,1,33.846681922196794,24.0,9.03530764579773
338,NI,0.5415821501014199,0.5415821501014199,0.45233265720081134,0.45233265720081134,428,3,76.5760649087221,58.0,22.73759436607361
339,NDSN,0.4856115107913669,0.4856115107913669,0.5107913669064749,0.5107913669064749,430,1,43.26618705035971,27.0,7.697644472122192
340,NSC,0.4672489082969432,0.4672489082969432,0.5283842794759825,0.5283842794759825,305,1,42.146288209606986,31.5,11.661008358001709
341,NTRS,0.477088948787062,0.477088948787062,0.522911051212938,0.522911051212938,221,1,48.886792452830186,36.0,10.846472024917603
342,NOC,0.5205479452054794,0.5205479452054794,0.4735812133072407,0.4735812133072407,275,1,49.87279843444227,36.0,15.346070766448975
343,NLOK,0.39914163090128757,0.39914163090128757,0.5965665236051502,0.5965665236051502,129,1,25.167381974248926,20.0,3.941406011581421
344,NCLH,0.44,0.44,0.56,0.56,188,3,32.44,26.0,1.5514278411865234
345,NRG,0.36419753086419754,0.36419753086419754,0.6358024691358025,0.6358024691358025,99,1,27.98148148148148,24.0,2.822096824645996
346,NUE,0.35327635327635326,0.35327635327635326,0.6467236467236467,0.6467236467236467,173,1,30.68091168091168,22.0,6.917083978652954
347,NVDA,0.4206896551724138,0.4206896551724138,0.5793103448275863,0.5793103448275863,181,1,27.255172413793105,15.0,2.425109624862671
348,NVR,0.4666666666666667,0.4666666666666667,0.5296296296296297,0.5296296296296297,173,1,34.333333333333336,23.0,5.811565399169922
349,NXPI,0.47,0.47,0.52,0.52,236,1,52.26,20.0,3.1285626888275146
350,ORLY,0.50199203187251,0.50199203187251,0.4940239043824701,0.4940239043824701,189,1,40.462151394422314,31.0,6.187955379486084
351,OXY,0.3851851851851852,0.3851851851851852,0.6123456790123457,0.6123456790123457,205,1,39.032098765432096,25.0,9.512579679489136
352,ODFL,0.40585774058577406,0.40585774058577406,0.5899581589958159,0.5899581589958159,188,1,27.13807531380753,19.0,4.0631396770477295
353,OMC,0.4103896103896104,0.4103896103896104,0.587012987012987,0.587012987012987,392,3,56.467532467532465,37.0,12.762064695358276
354,OKE,0.4751958224543081,0.4751958224543081,0.5248041775456919,0.5248041775456919,241,1,43.50130548302872,34.0,10.261399507522583
355,ORCL,0.3890577507598784,0.3890577507598784,0.6109422492401215,0.6109422492401215,310,1,42.59270516717325,27.0,8.486916303634644
356,OGN,0.3333333333333333,0.3333333333333333,0.6666666666666666,0.6666666666666666,36,9,19.555555555555557,16.0,0.21987605094909668
357,OTIS,0.35,0.35,0.55,0.55,134,4,33.2,19.5,0.4972536563873291
358,PCAR,0.375,0.375,0.6220238095238095,0.6220238095238095,271,1,34.910714285714285,25.0,7.258839130401611
359,PKG,0.3840304182509506,0.3840304182509506,0.6083650190114068,0.6083650190114068,184,1,40.77946768060836,32.0,6.300758123397827
360,PARA,0.40145985401459855,0.40145985401459855,0.5985401459854015,0.5985401459854015,201,1,32.284671532846716,23.0,2.758800983428955
361,PH,0.3958333333333333,0.3958333333333333,0.5995370370370371,0.5995370370370371,334,1,36.226851851851855,27.0,9.38552451133728
362,PAYX,0.4540059347181009,0.4540059347181009,0.543026706231454,0.543026706231454,281,1,51.02077151335312,41.0,10.210477113723755
363,PAYC,0.5303030303030303,0.5303030303030303,0.4696969696969697,0.4696969696969697,64,1,20.484848484848484,13.5,0.9658148288726807
364,PYPL,0.5277777777777778,0.5277777777777778,0.4722222222222222,0.4722222222222222,135,1,38.041666666666664,28.5,1.8631303310394287
365,PENN,0.4166666666666667,0.4166666666666667,0.5777777777777777,0.5777777777777777,154,1,26.622222222222224,15.0,3.071131944656372
366,PNR,0.377326565143824,0.377326565143824,0.6192893401015228,0.6192893401015228,193,1,33.61421319796954,25.0,12.021022081375122
367,PEP,0.4696132596685083,0.4696132596685083,0.5248618784530387,0.5248618784530387,409,1,73.07596685082873,46.0,30.473869562149048
368,PKI,0.3728813559322034,0.3728813559322034,0.6246973365617433,0.6246973365617433,179,1,40.869249394673126,29.0,10.423643827438354
369,PFE,0.39285714285714285,0.39285714285714285,0.6071428571428571,0.6071428571428571,286,1,46.131493506493506,32.0,16.702048301696777
370,PM,0.295,0.295,0.695,0.695,361,3,62.635,38.0,7.177685022354126
371,PSX,0.45132743362831856,0.45132743362831856,0.5486725663716814,0.5486725663716814,203,3,40.11504424778761,24.0,2.829413652420044
372,PNW,0.5069860279441117,0.5069860279441117,0.48303393213572854,0.48303393213572854,380,1,69.83632734530939,55.0,20.54458498954773
373,PXD,0.36764705882352944,0.36764705882352944,0.6323529411764706,0.6323529411764706,93,1,17.480392156862745,14.0,2.453660726547241
374,PNC,0.41706161137440756,0.41706161137440756,0.5781990521327014,0.5781990521327014,354,1,52.540284360189574,39.0,12.99157428741455
375,POOL,0.4385245901639344,0.4385245901639344,0.5614754098360656,0.5614754098360656,206,1,35.39344262295082,23.0,5.3108837604522705
376,PPG,0.3978021978021978,0.3978021978021978,0.5956043956043956,0.5956043956043956,257,1,47.395604395604394,34.0,12.75253939628601
377,PPL,0.4844606946983547,0.4844606946983547,0.5045703839122486,0.5045703839122486,428,1,85.76234003656307,57.0,26.943437576293945
378,PFG,0.4977578475336323,0.4977578475336323,0.4977578475336323,0.4977578475336323,216,3,49.36322869955157,41.0,6.46052622795105
379,PG,0.4677777777777778,0.4677777777777778,0.5311111111111111,0.5311111111111111,512,1,79.09222222222222,58.0,41.488434076309204
380,PGR,0.4850574712643678,0.4850574712643678,0.5103448275862069,0.5103448275862069,251,1,46.67126436781609,34.0,12.184921503067017
381,PLD,0.48494983277591974,0.48494983277591974,0.5016722408026756,0.5016722408026756,310,3,59.69565217391305,47.0,10.27596926689148
382,PRU,0.42913385826771655,0.42913385826771655,0.562992125984252,0.562992125984252,371,1,48.669291338582674,33.0,7.3293776512146
383,PEG,0.4802158273381295,0.4802158273381295,0.5197841726618705,0.5197841726618705,422,1,73.57014388489209,54.5,23.49580478668213
384,PTC,0.41904761904761906,0.41904761904761906,0.580952380952381,0.580952380952381,137,1,24.5,17.0,3.5916478633880615
385,PSA,0.5035294117647059,0.5035294117647059,0.49176470588235294,0.49176470588235294,281,1,54.56470588235294,42.0,13.626503944396973
386,PHM,0.3688212927756654,0.3688212927756654,0.6273764258555133,0.6273764258555133,113,1,23.247148288973385,15.0,3.9475245475769043
387,PVH,0.4489051094890511,0.4489051094890511,0.551094890510949,0.551094890510949,128,1,25.273722627737225,17.0,4.436548709869385
388,QRVO,0.35,0.35,0.65,0.65,99,1,18.583333333333332,12.0,0.7856960296630859
389,PWR,0.36036036036036034,0.36036036036036034,0.6396396396396397,0.6396396396396397,158,1,28.48198198198198,16.0,4.077037811279297
390,QCOM,0.41767068273092367,0.41767068273092367,0.5823293172690763,0.5823293172690763,179,1,32.35341365461847,23.0,5.04651403427124
391,DGX,0.4479768786127168,0.4479768786127168,0.5520231213872833,0.5520231213872833,261,1,50.64450867052023,37.0,10.534823417663574
392,RL,0.3394495412844037,0.3394495412844037,0.6605504587155964,0.6605504587155964,135,1,27.977064220183486,19.0,3.9265573024749756
393,RJF,0.4523809523809524,0.4523809523809524,0.5476190476190477,0.5476190476190477,190,1,33.36734693877551,23.0,6.403982162475586
394,RTX,0.45170876671619614,0.45170876671619614,0.5482912332838039,0.5482912332838039,331,1,49.664190193164934,36.0,20.01415181159973
395,O,0.47289156626506024,0.47289156626506024,0.5030120481927711,0.5030120481927711,456,3,66.55421686746988,52.0,13.059605836868286
396,REG,0.41509433962264153,0.41509433962264153,0.5660377358490566,0.5660377358490566,383,1,56.90880503144654,44.0,10.815922021865845
397,REGN,0.42953020134228187,0.42953020134228187,0.5704697986577181,0.5704697986577181,72,1,16.516778523489933,11.0,1.8740019798278809
398,RF,0.4186746987951807,0.4186746987951807,0.5813253012048193,0.5813253012048193,359,1,49.102409638554214,37.0,10.096894264221191
399,RSG,0.5462686567164179,0.5462686567164179,0.4417910447761194,0.4417910447761194,361,1,78.6776119402985,53.0,15.079217433929443
400,RMD,0.47634069400630913,0.47634069400630913,0.5205047318611987,0.5205047318611987,163,1,29.454258675078865,21.0,5.870156526565552
401,RHI,0.4299363057324841,0.4299363057324841,0.5668789808917197,0.5668789808917197,160,1,28.101910828025478,21.0,5.482560396194458
402,ROK,0.45794392523364486,0.45794392523364486,0.5420560747663551,0.5420560747663551,253,1,39.544392523364486,28.0,10.285704612731934
403,ROL,0.3971830985915493,0.3971830985915493,0.5887323943661972,0.5887323943661972,281,1,52.388732394366194,35.0,11.08664584159851
404,ROP,0.5274390243902439,0.5274390243902439,0.46646341463414637,0.46646341463414637,259,1,48.65853658536585,35.0,9.668140649795532
405,ROST,0.40061162079510704,0.40061162079510704,0.599388379204893,0.599388379204893,256,1,33.116207951070336,23.0,6.702780485153198
406,RCL,0.4,0.4,0.6,0.6,155,1,28.234615384615385,18.0,4.600853443145752
407,SPGI,0.4400871459694989,0.4400871459694989,0.5555555555555556,0.5555555555555556,303,1,51.12200435729847,35.0,13.998944997787476
408,CRM,0.4266666666666667,0.4266666666666667,0.5733333333333334,0.5733333333333334,160,1,26.48,16.0,2.5319390296936035
409,SBAC,0.5120772946859904,0.5120772946859904,0.48792270531400966,0.48792270531400966,231,1,39.76328502415459,31.0,5.044668436050415
410,SLB,0.3853904282115869,0.3853904282115869,0.6120906801007556,0.6120906801007556,184,1,28.858942065491185,20.0,7.113922119140625
411,STX,0.41875,0.41875,0.58125,0.58125,102,1,18.4,14.5,2.018242120742798
412,SEE,0.37175792507204614,0.37175792507204614,0.6253602305475504,0.6253602305475504,233,1,39.02593659942363,28.0,8.271157503128052
413,SRE,0.4218289085545723,0.4218289085545723,0.5693215339233039,0.5693215339233039,221,1,58.958702064896755,48.0,12.666056632995605
414,NOW,0.5274725274725275,0.5274725274725275,0.4725274725274725,0.4725274725274725,106,1,23.285714285714285,20.0,1.4224119186401367
415,SHW,0.4794188861985472,0.4794188861985472,0.5157384987893463,0.5157384987893463,251,3,51.041162227602904,35.0,12.595269918441772
416,SBNY,0.3945945945945946,0.3945945945945946,0.6054054054054054,0.6054054054054054,196,1,36.8054054054054,28.0,4.138955593109131
417,SPG,0.45321637426900585,0.45321637426900585,0.5380116959064327,0.5380116959064327,297,1,50.42690058479532,36.0,10.293664693832397
418,SWKS,0.36015325670498083,0.3563218390804598,0.6360153256704981,0.6398467432950191,127,1,16.291187739463602,10.0,2.869978427886963
419,SJM,0.42901234567901236,0.42901234567901236,0.5648148148148148,0.5648148148148148,188,1,50.638888888888886,38.5,9.535590171813965
420,SNA,0.41612200435729846,0.41612200435729846,0.579520697167756,0.579520697167756,213,1,46.31808278867102,34.0,12.75202202796936
421,SEDG,0.5161290322580645,0.5161290322580645,0.4838709677419355,0.4838709677419355,21,1,8.838709677419354,8.0,0.33579373359680176
422,SO,0.5553602811950791,0.5553602811950791,0.4358523725834798,0.4358523725834798,527,1,90.02460456942003,72.0,29.377102613449097
423,LUV,0.35359116022099446,0.35359116022099446,0.6464088397790055,0.6464088397790055,149,1,25.61049723756906,20.0,5.868744850158691
424,SWK,0.4063926940639269,0.4063926940639269,0.58675799086758,0.58675799086758,194,1,40.63013698630137,29.0,10.69041633605957
425,SBUX,0.4551971326164875,0.4551971326164875,0.5412186379928315,0.5412186379928315,213,1,36.935483870967744,29.0,6.194235324859619
426,STT,0.4381188118811881,0.4381188118811881,0.5618811881188119,0.5618811881188119,183,1,39.17079207920792,26.5,9.859997510910034
427,STE,0.43050847457627117,0.43050847457627117,0.5694915254237288,0.5694915254237288,237,1,40.81694915254237,24.0,7.2146899700164795
428,SYK,0.4975247524752475,0.4975247524752475,0.5,0.5,234,1,44.381188118811885,32.0,10.673846006393433
429,SIVB,0.4595744680851064,0.4595744680851064,0.5404255319148936,0.5404255319148936,196,1,33.54468085106383,22.0,4.9442949295043945
430,SYF,0.3645833333333333,0.3645833333333333,0.6354166666666666,0.6354166666666666,122,1,32.770833333333336,24.5,1.9344871044158936
431,SNPS,0.45149253731343286,0.45149253731343286,0.5485074626865671,0.5485074626865671,180,1,42.18283582089552,29.0,6.837084054946899
432,SYY,0.4059590316573557,0.4059590316573557,0.590316573556797,0.590316573556797,253,1,48.66480446927374,38.0,15.50061321258545
433,TMUS,0.44525547445255476,0.44525547445255476,0.5401459854014599,0.5401459854014599,127,1,32.64233576642336,19.0,2.8481249809265137
434,TROW,0.39880952380952384,0.39880952380952384,0.5982142857142857,0.5982142857142857,251,1,36.648809523809526,25.0,7.451962232589722
435,TTWO,0.3711340206185567,0.3711340206185567,0.6288659793814433,0.6288659793814433,85,1,18.371134020618555,13.0,2.6087074279785156
436,TPR,0.33678756476683935,0.33678756476683935,0.6632124352331606,0.6632124352331606,149,1,26.523316062176164,16.0,3.3665709495544434
437,TGT,0.40350877192982454,0.40350877192982454,0.5964912280701754,0.5964912280701754,227,1,38.18859649122807,26.0,10.729070901870728
438,TEL,0.4550898203592814,0.4550898203592814,0.5449101796407185,0.5449101796407185,161,1,41.26347305389221,32.0,4.102219104766846
439,TDY,0.4782608695652174,0.4782608695652174,0.5130434782608696,0.5130434782608696,219,1,36.28260869565217,27.5,4.977679967880249
440,TFX,0.4674698795180723,0.4674698795180723,0.5277108433734939,0.5277108433734939,274,1,47.918072289156626,36.0,11.87721586227417
441,TER,0.4355400696864111,0.4355400696864111,0.5644599303135889,0.5644599303135889,141,1,20.881533101045296,13.0,4.03100848197937
442,TSLA,0.3763440860215054,0.3763440860215054,0.6236559139784946,0.6236559139784946,54,1,13.505376344086022,11.0,1.1680405139923096
443,TXN,0.3582995951417004,0.3582995951417004,0.6396761133603239,0.6396761133603239,213,1,30.512145748987855,21.5,9.742729425430298
444,TXT,0.4010152284263959,0.4010152284263959,0.5964467005076142,0.5964467005076142,190,1,40.76142131979695,29.0,9.718654870986938
445,TMO,0.42065491183879095,0.42065491183879095,0.5743073047858942,0.5743073047858942,248,1,43.012594458438286,31.0,10.177510499954224
446,TJX,0.37209302325581395,0.37209302325581395,0.627906976744186,0.627906976744186,254,1,41.77325581395349,28.5,8.73708724975586
447,TSCO,0.35177865612648224,0.35177865612648224,0.6482213438735178,0.6482213438735178,148,1,25.442687747035574,16.0,4.207348585128784
448,TT,0.4739454094292804,0.4739454094292804,0.5260545905707196,0.5260545905707196,164,1,36.71712158808933,27.0,9.075802326202393
449,TDG,0.5126903553299492,0.5126903553299492,0.48223350253807107,0.48223350253807107,133,1,38.578680203045685,31.0,4.577735662460327
450,TRV,0.4144329896907217,0.4144329896907217,0.5855670103092784,0.5855670103092784,276,1,59.72371134020619,45.0,17.22206687927246
451,TRMB,0.42934782608695654,0.42934782608695654,0.5706521739130435,0.5706521739130435,135,1,28.070652173913043,18.0,3.4622533321380615
452,TFC,0.39154929577464787,0.39154929577464787,0.6,0.6,424,1,56.374647887323945,42.0,12.166093826293945
453,TWTR,0.47368421052631576,0.47368421052631576,0.5263157894736842,0.5263157894736842,41,1,13.350877192982455,11.0,0.6809380054473877
454,TYL,0.5108225108225108,0.5108225108225108,0.48917748917748916,0.48917748917748916,242,1,34.54545454545455,23.0,5.149522066116333
455,TSN,0.3713355048859935,0.3713355048859935,0.6188925081433225,0.6188925081433225,155,1,29.960912052117266,22.0,6.162525415420532
456,USB,0.4842105263157895,0.4842105263157895,0.511578947368421,0.511578947368421,457,1,62.50736842105263,44.0,17.486359119415283
457,UDR,0.48753462603878117,0.48753462603878117,0.5013850415512465,0.5013850415512465,477,1,67.54293628808864,46.0,14.427221775054932
458,ULTA,0.47107438016528924,0.47107438016528924,0.5289256198347108,0.5289256198347108,118,1,26.39669421487603,19.0,2.1384389400482178
459,UAA,0.3805309734513274,0.3805309734513274,0.6194690265486725,0.6194690265486725,64,1,15.398230088495575,11.0,2.42795991897583
460,UA,0.36538461538461536,0.36538461538461536,0.6346153846153846,0.6346153846153846,106,1,17.615384615384617,12.0,0.6846084594726562
461,UNP,0.4402390438247012,0.4402390438247012,0.5597609561752988,0.5597609561752988,241,1,48.5996015936255,35.0,14.393459558486938
462,UAL,0.32075471698113206,0.3113207547169811,0.6792452830188679,0.6886792452830188,102,1,17.20754716981132,10.5,1.5838124752044678
463,UNH,0.4785276073619632,0.4785276073619632,0.5184049079754601,0.5184049079754601,228,1,40.54294478527607,27.0,8.072367191314697
464,UPS,0.4745308310991957,0.4745308310991957,0.5254691689008043,0.5254691689008043,368,3,68.99463806970509,51.0,14.676210403442383
465,URI,0.39634146341463417,0.39634146341463417,0.6036585365853658,0.6036585365853658,76,1,16.585365853658537,12.0,1.8374481201171875
466,UHS,0.3956386292834891,0.3956386292834891,0.6012461059190031,0.6012461059190031,186,1,35.13395638629284,26.0,7.212276220321655
467,VLO,0.3853503184713376,0.3853503184713376,0.6146496815286624,0.6146496815286624,115,1,23.76751592356688,17.0,4.810611248016357
468,VTR,0.46808510638297873,0.46808510638297873,0.5319148936170213,0.5319148936170213,205,1,41.262411347517734,30.5,7.123001575469971
469,VRSN,0.5339366515837104,0.5339366515837104,0.4660633484162896,0.4660633484162896,141,1,32.50678733031674,23.0,4.6014723777771
470,VRSK,0.5,0.5,0.4939759036144578,0.4939759036144578,458,1,75.78313253012048,51.5,7.26394510269165
471,VZ,0.44972577696526506,0.44972577696526506,0.5484460694698354,0.5484460694698354,388,1,62.040219378427786,46.0,20.132100582122803
472,VRTX,0.35260115606936415,0.35260115606936415,0.6473988439306358,0.6473988439306358,182,1,20.45664739884393,10.0,2.3685874938964844
473,VFC,0.4764044943820225,0.4764044943820225,0.5235955056179775,0.5235955056179775,233,1,44.4876404494382,33.0,11.863725423812866
474,VTRS,0.43137254901960786,0.43137254901960786,0.5647058823529412,0.5647058823529412,127,1,24.301960784313724,16.0,4.319980144500732
475,V,0.518324607329843,0.518324607329843,0.4816753926701571,0.4816753926701571,199,3,52.35078534031414,44.0,5.867233514785767
476,VNO,0.4245939675174014,0.4245939675174014,0.5614849187935035,0.5614849187935035,387,1,61.26218097447796,41.0,15.550883769989014
477,VMC,0.4654255319148936,0.4654255319148936,0.5319148936170213,0.5319148936170213,376,1,45.308510638297875,28.0,10.508584260940552
478,WAB,0.4388185654008439,0.4388185654008439,0.5569620253164557,0.5569620253164557,122,1,26.39662447257384,20.0,4.293773174285889
479,WMT,0.41798107255520506,0.41798107255520506,0.580441640378549,0.580441640378549,363,1,55.03312302839117,37.0,20.626736402511597
480,WBA,0.40294840294840295,0.40294840294840295,0.5921375921375921,0.5921375921375921,244,1,42.65356265356265,29.0,10.835516214370728
481,WBD,0.33544303797468356,0.33544303797468356,0.6645569620253164,0.6645569620253164,115,1,24.32278481012658,16.5,2.4402542114257812
482,WM,0.46365914786967416,0.46365914786967416,0.5338345864661654,0.5338345864661654,315,1,58.54135338345865,45.0,13.551485061645508
483,WAT,0.4311594202898551,0.4311594202898551,0.5688405797101449,0.5688405797101449,164,1,39.30434782608695,28.0,6.398427248001099
484,WEC,0.5459459459459459,0.5459459459459459,0.4486486486486487,0.4486486486486487,337,3,83.2954954954955,67.0,26.75510597229004
485,WFC,0.4022346368715084,0.4022346368715084,0.5884543761638734,0.5884543761638734,434,1,55.055865921787706,38.0,17.5544331073761
486,WELL,0.4358974358974359,0.4358974358974359,0.5584045584045584,0.5584045584045584,325,1,49.03988603988604,39.0,10.119141340255737
487,WST,0.4713896457765668,0.4713896457765668,0.5177111716621253,0.5177111716621253,276,1,47.27792915531335,34.0,10.38260531425476
488,WDC,0.3458333333333333,0.3458333333333333,0.65,0.65,91,1,12.933333333333334,8.0,2.323608875274658
489,WRK,0.25,0.25,0.7361111111111112,0.7361111111111112,176,1,32.791666666666664,18.5,1.5626068115234375
490,WY,0.3629489603024575,0.3629489603024575,0.6370510396975425,0.6370510396975425,250,1,36.36294896030246,24.0,11.60076904296875
491,WHR,0.33249370277078083,0.33249370277078083,0.6649874055415617,0.6649874055415617,136,1,28.16876574307305,20.0,6.94226598739624
492,WMB,0.4282178217821782,0.4282178217821782,0.5668316831683168,0.5668316831683168,251,1,35.242574257425744,26.0,8.927506923675537
493,WTW,0.41946308724832215,0.41946308724832215,0.5805369127516778,0.5805369127516778,303,3,61.241610738255034,45.0,10.735351800918579
494,WYNN,0.4859154929577465,0.4859154929577465,0.5140845070422535,0.5140845070422535,106,1,19.612676056338028,13.0,1.9409418106079102
495,XEL,0.536,0.536,0.462,0.462,384,1,83.896,66.0,24.88977026939392
496,XYL,0.37681159420289856,0.37681159420289856,0.6086956521739131,0.6086956521739131,184,3,42.52173913043478,31.5,3.5917246341705322
497,YUM,0.4676923076923077,0.4676923076923077,0.5323076923076923,0.5323076923076923,369,3,48.723076923076924,37.0,9.357397556304932
498,ZBRA,0.4036697247706422,0.4036697247706422,0.591743119266055,0.591743119266055,135,1,29.834862385321102,21.0,4.058806419372559
499,ZBH,0.43243243243243246,0.43243243243243246,0.5598455598455598,0.5598455598455598,162,3,45.656370656370655,36.0,7.015996217727661
500,ZION,0.45794392523364486,0.45794392523364486,0.5327102803738317,0.5327102803738317,225,1,40.59190031152648,28.0,7.918780088424683
501,ZTS,0.49635036496350365,0.49635036496350365,0.48175182481751827,0.48175182481751827,207,3,51.5985401459854,40.0,4.176377058029175
